<?xml version="1.0" encoding="UTF-8"?><?xml-stylesheet type='text/xsl' href='_UpgradeReport_Files/UpgradeReport.xslt'?><UpgradeLog>
<Properties><Property Name="Solution" Value="_PROJECTNAME_.Web">
</Property><Property Name="Solution File" Value="C:\eXpandFrameWork\eXpand\Xpand.DesignExperience\vs_templates\vb\_PROJECTNAME_.Web\_PROJECTNAME_.Web.sln">
</Property><Property Name="Date" Value="Πέμπτη, 1 Δεκεμβρίου 2011">
</Property><Property Name="Time" Value="1:55:10 πμ">
</Property></Properties><Event ErrorLevel="0" Project="_PROJECTNAME_.Web" Source="_PROJECTNAME_.Web.vbproj" Description="Project converted successfully">
</Event><Event ErrorLevel="3" Project="_PROJECTNAME_.Web" Source="_PROJECTNAME_.Web.vbproj" Description="Converted">
</Event><Event ErrorLevel="0" Project="_PROJECTNAME_.Web" Source="_PROJECTNAME_.Web.vbproj" Description="Scan complete: Upgrade not required for project files.">
</Event></UpgradeLog>