<?xml version="1.0" encoding="UTF-8"?><?xml-stylesheet type='text/xsl' href='_UpgradeReport_Files/UpgradeReport.xslt'?><UpgradeLog>
<Properties><Property Name="Solution" Value="_PROJECTNAME">
</Property><Property Name="Solution File" Value="C:\eXpandFrameWork\eXpand\Xpand.DesignExperience\vs_templates\vb - Copy\_PROJECTNAME.sln">
</Property><Property Name="Date" Value="Wednesday, August 15, 2012">
</Property><Property Name="Time" Value="0:02:50 AM">
</Property><Property Name="Log Number" Value="2">
</Property></Properties><Event ErrorLevel="0" Project="_PROJECTNAME_.Module.Win" Source="_PROJECTNAME_.Module.Win\_PROJECTNAME_.Module.Win.vbproj" Description="Project converted successfully">
</Event><Event ErrorLevel="3" Project="_PROJECTNAME_.Module.Win" Source="_PROJECTNAME_.Module.Win\_PROJECTNAME_.Module.Win.vbproj" Description="Converted">
</Event><Event ErrorLevel="0" Project="_PROJECTNAME_.Module.Win" Source="_PROJECTNAME_.Module.Win\_PROJECTNAME_.Module.Win.vbproj" Description="Scan complete: Upgrade not required for project files.">
</Event></UpgradeLog>